EVENT_ID,STATE,STATE_FIPS,YEAR,MONTH_NAME,EVENT_TYPE,INJURIES_DIRECT,INJURIES_INDIRECT,DEATHS_DIRECT,DEATHS_INDIRECT,DAMAGE_PROPERTY,DAMAGE_CROPS,MAGNITUDE,CATEGORY,TOR_F_SCALE,TOR_LENGTH,TOR_WIDTH,BEGIN_LAT,BEGIN_LON
10050384,MISSISSIPPI,28,1950,June,Tornado,1,0,2,0,0K,0,0,,F3,2,50,33.08,-89.58
10086808,OHIO,39,1950,January,Tornado,1,0,0,0,25K,0,0,,F1,0.1,33,40.88,-84.58
10120418,TEXAS,48,1950,June,Tornado,6,0,0,0,250K,0,0,,F3,23.9,67,30.18,-96.4
9981922,ARKANSAS,5,1950,January,Tornado,1,0,1,0,2.5K,0,0,,F3,0.6,17,34.4,-94.37
10001432,GEORGIA,13,1950,June,Tornado,1,0,0,0,25K,0,0,,F1,3.3,7,33.85,-84.25
10049829,MISSISSIPPI,28,1955,October,Tornado,1,0,0,0,250K,0,0,,F2,2,33,34.2,-90.57
9984208,ARKANSAS,5,1955,October,Tornado,1,0,0,0,25K,0,0,,F3,1,100,33.8,-91.27
9991373,COLORADO,8,1955,June,Tornado,1,0,0,0,250K,0,0,,F2,1.9,83,40.65,-102.65
10121863,TEXAS,48,1955,June,Tornado,1,0,0,0,0K,0,0,,F0,2,7,32.53,-98.68
9978062,ALABAMA,1,1964,January,Tornado,6,0,10,0,250K,0,0,,F4,3.3,100,33.32,-86.43
10035949,KENTUCKY,21,1964,June,Tornado,1,0,0,0,25K,0,0,,F2,10.9,33,38.4,-83.93
10079512,NEW MEXICO,35,1964,June,Tornado,1,0,0,0,.25K,0,0,,F1,0.2,50,34.4,-103.35
10077996,NORTH CAROLINA,37,1964,December,Tornado,1,0,0,0,2.5K,0,0,,F1,0,33,35.08,-78.8
10113684,SOUTH DAKOTA,46,1964,June,Tornado,1,0,0,0,0K,0,0,,F2,3.8,33,45.08,-100.7
9988548,FLORIDA,12,1964,June,Tornado,1,0,0,0,2.5K,0,0,,F2,0,33,26.62,-81.97
10012200,IOWA,19,1964,June,Tornado,1,0,0,0,250K,0,0,,F3,10.6,200,40.73,-95.05
10095071,OKLAHOMA,40,1964,June,Tornado,1,0,0,0,.03K,0,0,,F2,0,33,34.85,-99.35
9995806,GEORGIA,13,1964,December,Tornado,1,0,0,0,250K,0,0,,F3,10.4,400,33.42,-84.27
10026396,KANSAS,20,1964,June,Tornado,1,0,0,0,25K,0,0,,F2,12.6,33,38.52,-98.77
9976193,ALABAMA,1,1967,October,Tornado,1,0,0,0,25K,0,0,,F2,13.1,33,30.25,-87.65
9977284,ALABAMA,1,1967,December,Tornado,1,0,0,0,250K,0,0,,F1,12.6,33,34.7,-86.67
10092072,OKLAHOMA,40,1967,June,Tornado,1,0,4,0,250K,0,0,,F4,8.7,300,35.6,-99.38
10060671,MISSOURI,29,1967,December,Tornado,1,0,0,0,25K,0,0,,F2,1.5,50,36.7,-91.63
10071904,NEBRASKA,31,1967,June,Tornado,1,0,0,0,250K,0,0,,F2,26,33,41.75,-97.78
10067230,NEBRASKA,31,1967,June,Tornado,1,0,0,0,25K,0,0,,,40.1,33,40.18,-101.95
10093178,OKLAHOMA,40,1967,January,Tornado,6,0,0,0,25K,0,0,,F2,2,33,36.7,-95
10092090,OKLAHOMA,40,1967,June,Tornado,1,0,0,0,2.5M,0,0,,F3,16.7,33,35.85,-98.18
10123987,TENNESSEE,47,1967,December,Tornado,1,0,0,0,250K,0,0,,F2,10.3,7,36.48,-88.9
10048553,MISSISSIPPI,28,1967,December,Tornado,1,0,0,0,25K,0,0,,F1,2,33,30.7,-89.02
10048558,MISSISSIPPI,28,1967,December,Tornado,1,0,1,0,25K,0,0,,F2,0,33,34.73,-88.62
9982092,ARKANSAS,5,1967,December,Tornado,6,0,0,0,25K,0,0,,F2,3.8,833,35.35,-94.4
10004261,INDIANA,18,1967,December,Tornado,1,0,0,0,2.5K,0,0,,,0,33,39.7,-86.72
10004272,INDIANA,18,1967,December,Tornado,1,0,0,0,250K,0,0,,F3,0,33,40.48,-85.6
10112586,SOUTH CAROLINA,45,1967,December,Tornado,1,0,0,0,25K,0,0,,F2,10.5,93,34.15,-79.03
10004247,INDIANA,18,1967,October,Tornado,1,0,0,0,2.5K,0,0,,F2,0,33,39.58,-87.45
10004250,INDIANA,18,1967,October,Tornado,1,0,0,0,25K,0,0,,F3,0,33,38.48,-86.8
10009968,ILLINOIS,17,1967,January,Tornado,1,0,0,0,0K,0,0,,F1,4.5,30,40.1,-90.17
10033090,LOUISIANA,22,1967,October,Tornado,1,0,0,0,25K,0,0,,F2,0.2,10,29.35,-89.53
10012003,IOWA,19,1967,January,Tornado,6,0,1,0,250K,0,0,,F3,4.3,300,40.67,-91.32
10012005,IOWA,19,1967,January,Tornado,1,0,0,0,25K,0,0,,F2,2,150,41.2,-91.28
10060661,MISSOURI,29,1967,October,Tornado,1,0,0,0,25K,0,0,,F1,12.8,100,37.62,-89.98
10148077,WISCONSIN,55,1967,June,Tornado,1,0,0,0,250K,0,0,,F2,5.9,100,44.03,-88.17
9976189,ALABAMA,1,1967,October,Tornado,1,0,0,0,250K,0,0,,F3,11.9,100,34.8,-87.78
10161730,WYOMING,56,1967,June,Tornado,1,0,0,0,25K,0,0,,F1,0.5,17,42.95,-108.4
10133520,TEXAS,48,1967,June,Tornado,1,0,0,0,0K,0,0,,F2,2,67,33.6,-101.85
10123167,TENNESSEE,47,1973,December,Tornado,1,0,0,0,25K,0,0,,F1,0.5,440,36.17,-82.83
10114443,SOUTH CAROLINA,45,1973,December,Tornado,1,0,0,0,2.5M,0,0,,F3,4.1,200,34.27,-82.05
10094587,OKLAHOMA,40,1973,June,Tornado,1,0,0,0,25K,0,0,,F1,0.5,17,34.17,-97.13
10094608,OKLAHOMA,40,1973,June,Tornado,1,0,0,0,2.5K,0,0,,F1,3.8,50,34.8,-97.97
10087098,OHIO,39,1973,June,Tornado,1,0,0,0,25K,0,0,,F3,8.4,100,41.18,-81.33
10112157,SOUTH DAKOTA,46,1973,June,Tornado,1,0,1,0,25K,0,0,,F2,0,33,43.02,-98.3
10112158,SOUTH DAKOTA,46,1973,June,Tornado,1,0,0,0,2.5K,0,0,,F1,0,33,45.5,-97.3
10116796,PENNSYLVANIA,42,1973,October,Tornado,1,0,0,0,250K,0,0,,F1,1,60,41.1,-79.65
10041613,MICHIGAN,26,1973,June,Tornado,1,0,0,0,2.5K,0,0,,F0,0.3,33,43.08,-83.83
10057928,MISSOURI,29,1973,June,Tornado,1,0,0,0,250K,0,0,,F2,0.3,100,37.95,-91.77
10053895,MISSISSIPPI,28,1973,December,Tornado,6,0,0,0,25K,0,0,,F2,12.5,30,33.4,-91.05
10057962,MISSOURI,29,1973,June,Tornado,1,0,0,0,250K,0,0,,F1,1,300,36.75,-90.38
9980025,ARKANSAS,5,1973,December,Tornado,1,0,0,0,250K,0,0,,F1,0.2,50,33.33,-93.3
9978208,ALABAMA,1,1973,December,Tornado,1,0,0,0,25K,0,0,,F2,3.8,50,30.53,-88.22
9978213,ALABAMA,1,1973,December,Tornado,1,0,0,0,25K,0,0,,F2,0.1,27,33.03,-86.08
9978227,ALABAMA,1,1973,December,Tornado,1,0,0,0,250K,0,0,,F2,0.3,100,34.28,-86.02
10057051,MISSOURI,29,1973,January,Tornado,1,0,0,0,250K,0,0,,F2,4.3,100,36.68,-90.83
10057052,MISSOURI,29,1973,January,Tornado,1,0,0,0,25K,0,0,,F1,4.7,100,36.88,-89.83
9987333,CONNECTICUT,9,1973,June,Tornado,1,0,0,0,2.5K,0,0,,F1,0.2,23,41.82,-72.92
10015988,INDIANA,18,1973,December,Tornado,1,0,0,0,25K,0,0,,F1,0.5,3,41.42,-86.12
10085831,OHIO,39,1973,June,Tornado,1,0,0,0,2.5K,0,0,,F0,0.3,100,40.2,-83.28
10019371,INDIANA,18,1973,June,Tornado,1,0,0,0,25K,0,0,,F1,1,20,41.42,-85.02
10008396,ILLINOIS,17,1973,December,Tornado,1,0,0,0,0K,0,0,,F2,0,33,39.58,-90.25
10020299,KANSAS,20,1973,October,Tornado,15,0,0,0,250K,0,0,,F2,0.7,200,37.65,-97.42
10085843,OHIO,39,1973,June,Tornado,1,0,0,0,25K,0,0,,F1,2,33,41.1,-83.67
10136132,TEXAS,48,1973,January,Tornado,1,0,0,0,25K,0,0,,F2,0.5,100,32.15,-95.28
9999387,FLORIDA,12,1973,January,Tornado,1,0,0,0,25K,0,0,,F1,2,20,28.33,-82.17
10132018,TEXAS,48,1973,October,Tornado,1,0,0,0,25K,0,0,,F2,1.1,50,29.75,-97.25
9998584,FLORIDA,12,1980,June,Tornado,1,0,0,0,2.5M,0,0,,F1,5.6,100,26.63,-80.17
10098860,OHIO,39,1980,June,Tornado,15,0,0,0,25M,0,0,,F1,6.2,70,39.23,-84.47
10098901,OHIO,39,1980,June,Tornado,1,0,0,0,2.5M,0,0,,F1,0.3,50,40.63,-81.78
10061831,MISSISSIPPI,28,1980,October,Tornado,1,0,0,0,250K,0,0,,F2,1,100,31.7,-89.22
9998592,FLORIDA,12,1980,June,Tornado,1,0,0,0,250K,0,0,,F1,0.5,50,30.17,-85.67
10018451,INDIANA,18,1980,June,Tornado,6,0,0,0,0K,0,0,,F2,0,33,39.78,-86.15
10147708,WEST VIRGINIA,54,1980,June,Tornado,15,0,0,0,2.5M,0,0,,F3,21.9,33,39.5,-79.87
10131046,TEXAS,48,1980,June,Tornado,1,0,0,0,250K,0,0,,F2,4.3,100,31.83,-97.55
10129946,TEXAS,48,1980,October,Tornado,1,0,0,0,25K,0,0,,F2,2,50,31.72,-95.63
10018469,INDIANA,18,1980,June,Tornado,1,0,0,0,0K,0,0,,F0,0,33,39.57,-85.5
10131021,TEXAS,48,1980,June,Tornado,1,0,0,0,25K,0,0,,F2,2.5,100,32.83,-102.07
10146647,WISCONSIN,55,1980,June,Tornado,1,0,0,0,2.5M,0,0,,F3,26.9,33,43.67,-91.22
9991262,CALIFORNIA,6,1980,January,Tornado,1,0,0,0,250K,0,0,,F1,0.3,67,37.48,-121.88
10018478,INDIANA,18,1980,June,Tornado,1,0,0,0,25K,0,0,,F1,0,33,41.32,-85.75
9984751,COLORADO,8,1986,June,Tornado,6,0,0,0,2.5M,0,0,,F2,1,50,39.72,-104.9
10153414,VIRGINIA,51,1986,October,Tornado,1,0,0,0,250K,0,0,,F2,13.9,450,37.02,-77.37
10083114,NORTH DAKOTA,38,1986,June,Tornado,1,0,0,0,2.5M,0,0,,F3,8,2000,48.93,-100.6
10148603,WEST VIRGINIA,54,1986,October,Tornado,1,0,0,0,250K,0,0,,F3,1,200,39.3,-80.78
10005579,ILLINOIS,17,1986,June,Tornado,1,0,0,0,25K,0,0,,F1,0.3,10,40.55,-91.38
10081039,NEBRASKA,31,1989,June,Tornado,1,0,0,0,0K,0,0,,F0,0.2,40,40.58,-98.52
10114857,PENNSYLVANIA,42,1989,June,Tornado,1,0,0,0,25K,0,0,,F2,2,23,40.37,-77.5
10109753,SOUTH CAROLINA,45,1989,June,Tornado,1,0,0,0,2.5M,0,0,,F1,1,50,34.72,-80.67
10087299,NORTH CAROLINA,37,1989,June,Tornado,1,0,0,0,250K,0,0,,F1,0.1,20,36.07,-75.7
10044492,LOUISIANA,22,1989,June,Tornado,6,0,0,0,250K,0,0,,F2,5,77,30.68,-93.23
9985997,DELAWARE,10,1989,June,Tornado,1,0,0,0,2.5M,0,0,,F2,2,100,39.78,-75.68
10044512,LOUISIANA,22,1989,June,Tornado,1,0,0,0,250K,0,0,,F1,0.5,77,30.45,-90.93
10044515,LOUISIANA,22,1989,June,Tornado,1,0,0,0,250K,0,0,,F1,2.5,40,30.72,-90.48
10000063,FLORIDA,12,1989,June,Tornado,1,0,0,0,25K,0,0,,F1,0.2,10,30.33,-87.22
10118440,PENNSYLVANIA,42,1989,June,Tornado,1,0,0,0,25K,0,0,,F2,0.5,50,39.95,-75.15
10001225,FLORIDA,12,1989,October,Tornado,1,0,0,0,250K,0,0,,F1,0.2,10,31,-85.52
10004891,ILLINOIS,17,1989,January,Tornado,6,0,0,0,2.5M,0,0,,F2,3,100,38.23,-88.35
10147627,WASHINGTON,53,1989,June,Tornado,1,0,0,0,2.5K,0,0,,F1,1.6,13,45.88,-122.67
9993165,ARKANSAS,5,1989,June,Tornado,6,0,0,0,250K,0,0,,F2,1,50,35.48,-92.4
10001133,FLORIDA,12,1989,June,Tornado,1,0,0,0,25K,0,0,,F1,1,30,30.07,-84.48
10028440,IOWA,19,1989,June,Tornado,1,0,0,0,25K,0,0,,F0,0.2,20,42.78,-91.1
10139048,TEXAS,48,1989,June,Tornado,1,0,0,0,0K,0,0,,F0,0.2,10,29.52,-94.48
5614255,MISSISSIPPI,28,1997,June,Lightning,1,0,0,0,,,,,,,,,
5618577,MICHIGAN,26,1997,June,Lightning,1,0,0,0,,,,,,,,,
5624407,FLORIDA,12,1997,June,Lightning,1,0,0,0,,,,,,,,,
5607755,LOUISIANA,22,1997,June,Lightning,1,0,0,0,5K,,,,,,,,
5612644,NEBRASKA,31,1997,June,Lightning,1,0,0,0,,,,,,,,,
5615469,FLORIDA,12,1997,June,Lightning,1,0,0,0,0,0,,,,,,,
5615819,FLORIDA,12,1997,June,Lightning,1,0,0,0,0,0,,,,,,,
5615820,FLORIDA,12,1997,June,Lightning,1,0,0,0,0,0,,,,,,,
5612170,TEXAS,48,1997,June,Lightning,1,0,0,0,,,,,,,,,
5589729,TENNESSEE,47,1997,January,Tornado,6,0,0,0,1M,,,,F2,14,440,36.12,-86.03
5619417,COLORADO,8,1997,June,Lightning,1,0,0,0,0,0,,,,,,,
5587359,NORTH DAKOTA,38,1997,January,Blizzard,1,0,0,0,.9M,,,,,,,,
5618632,NEW YORK,36,1997,June,Lightning,1,0,0,0,,,,,,,,,
5615204,MASSACHUSETTS,25,1997,June,Lightning,1,0,0,0,,,,,,,,,
5590825,ILLINOIS,17,1997,January,Heavy Snow,1,0,0,0,,0,,,,,,,
5617006,FLORIDA,12,1997,June,Lightning,1,0,0,0,,,,,,,,,
5615713,FLORIDA,12,1997,June,Lightning,1,0,0,0,10K,0,,,,,,,
5587133,NORTH DAKOTA,38,1997,January,Blizzard,6,0,0,0,1.53M,,,,,,,,
5587134,NORTH DAKOTA,38,1997,January,Blizzard,1,0,0,0,1.53M,,,,,,,,
5587139,NORTH DAKOTA,38,1997,January,Blizzard,1,0,0,0,1.53M,,,,,,,,
5587140,NORTH DAKOTA,38,1997,January,Blizzard,1,0,0,0,1.53M,,,,,,,,
5587141,NORTH DAKOTA,38,1997,January,Blizzard,1,0,0,0,1.53M,,,,,,,,
5587142,NORTH DAKOTA,38,1997,January,Blizzard,1,0,0,0,1.53M,,,,,,,,
5587662,LOUISIANA,22,1997,January,Lightning,1,0,0,0,0K,0K,,,,,,,
5587959,ALABAMA,1,1997,January,Lightning,1,0,0,0,10K,0K,,,,,,,
5604705,SOUTH CAROLINA,45,1997,June,Lightning,1,0,0,0,,,,,,,,,
5607398,COLORADO,8,1997,June,Lightning,1,0,0,0,,0,,,,,,,
5591528,SOUTH DAKOTA,46,1997,January,Blizzard,1,0,0,0,.02M,,,,,,,,
5587112,NORTH DAKOTA,38,1997,January,Blizzard,1,0,0,0,.25M,,,,,,,,
5587103,NORTH DAKOTA,38,1997,January,Blizzard,1,0,0,0,.25M,,,,,,,,
5588192,ALABAMA,1,1997,January,Tornado,1,0,0,0,85K,2K,,,F2,2,75,33.3,-87.7
5587105,NORTH DAKOTA,38,1997,January,Blizzard,1,0,0,0,.25M,,,,,,,,
5588096,LOUISIANA,22,1997,January,Tornado,1,0,0,0,.16M,,,,F1,4,10,29.73,-90.13
5587348,NORTH DAKOTA,38,1997,January,Blizzard,1,0,0,0,1.53M,,,,,,,,
5587349,NORTH DAKOTA,38,1997,January,Blizzard,1,0,0,0,1.53M,,,,,,,,
5615581,FLORIDA,12,1997,June,Lightning,1,0,0,0,2K,0,,,,,,,
5597757,NORTH DAKOTA,38,1997,June,Lightning,1,0,0,0,,,,,,,,,
5603502,MINNESOTA,27,1997,June,Tornado,1,0,0,0,250K,,,,F2,11,150,48.8,-96.03
5608329,TEXAS,48,1997,June,Lightning,1,0,0,0,,,,,,,,,
5587104,NORTH DAKOTA,38,1997,January,Blizzard,1,0,0,0,.25M,,,,,,,,
5588906,FLORIDA,12,1997,January,Tornado,1,0,0,0,50K,.5K,,,F2,0.5,150,30.55,-85.35
5601579,MISSOURI,29,1997,June,Lightning,1,0,0,0,,,,,,,,,
5589727,TENNESSEE,47,1997,January,Tornado,1,0,0,0,5K,,,,F2,2,220,36.08,-86.03
5602439,WISCONSIN,55,1997,June,Lightning,1,0,0,0,,,,,,,,,
5587355,NORTH DAKOTA,38,1997,January,Blizzard,1,0,0,0,.9M,,,,,,,,
5627071,FLORIDA,12,1997,June,Tornado,1,0,0,0,1M,,,,F1,1,50,26.07,-80.22
5624866,MAINE,23,1997,June,Lightning,1,0,0,0,,,,,,,,,
5607324,COLORADO,8,1997,June,Lightning,1,0,0,0,,0,,,,,,,
5584613,TEXAS,48,1997,January,Lightning,1,0,0,0,,,,,,,,,
5587357,NORTH DAKOTA,38,1997,January,Blizzard,1,0,0,0,.9M,,,,,,,,
5606105,VIRGINIA,51,1997,June,Lightning,1,0,0,0,,,,,,,,,
5609045,TEXAS,48,1997,June,Tornado,1,0,0,0,80K,,,,F1,0.2,30,27.8,-97.8
5604970,WEST VIRGINIA,54,1997,June,Lightning,1,0,0,0,,,,,,,,,
5607314,COLORADO,8,1997,June,Lightning,1,0,0,0,,,,,,,,,
5607396,COLORADO,8,1997,June,Lightning,1,0,1,0,,0,,,,,,,
5603309,NORTH CAROLINA,37,1997,June,Lightning,1,0,0,0,,,,,,,,,
5603465,COLORADO,8,1997,June,Lightning,1,0,0,0,,,,,,,,,
5605530,ALABAMA,1,1997,June,Tornado,1,0,0,0,.1M,5K,,,F1,3,50,34.7,-87.55
5604745,VIRGINIA,51,1997,June,Lightning,1,0,0,0,40K,,,,,,,,
5608531,KENTUCKY,21,1997,June,Lightning,1,0,0,0,0,0,,,,,,,
5587367,NORTH DAKOTA,38,1997,January,Blizzard,1,0,0,0,.79M,,,,,,,,
5587365,NORTH DAKOTA,38,1997,January,Blizzard,1,0,0,0,.79M,,,,,,,,
5616475,ALABAMA,1,1997,October,Lightning,1,0,0,0,0K,0K,,,,,,,
5620662,FLORIDA,12,1997,October,Lightning,1,0,0,0,0,0,,,,,,,
5617791,MISSISSIPPI,28,1997,October,Lightning,1,0,0,0,,,,,,,,,
5617800,GEORGIA,13,1997,October,Tornado,1,0,0,0,200K,,,,F2,6,30,31.53,-82.43
5627053,ALABAMA,1,1997,December,Tornado,1,0,0,0,250K,,,,F1,1,100,31.05,-85.85
5622325,FLORIDA,12,1997,October,Tornado,1,0,0,0,350K,,,,F1,1,150,30.18,-85.8
5620543,FLORIDA,12,1997,October,Lightning,1,0,0,0,0,0,,,,,,,
5626408,NEBRASKA,31,1997,December,Blizzard,1,0,0,0,3K,0,,,,,,,
5617062,TEXAS,48,1997,October,Tornado,1,0,0,0,300K,,0,,F0,0.5,40,33.63,-96.57
5622306,LOUISIANA,22,1997,October,Lightning,6,0,0,0,0K,,,,,,,,
5622332,FLORIDA,12,1997,October,Tornado,1,0,0,0,50K,,,,F1,0.3,100,30.45,-85.05
5622194,KANSAS,20,1997,October,Blizzard,1,0,0,0,,,,,,,,,
5622594,TEXAS,48,1997,October,Tornado,1,0,0,0,175K,,,,F2,5,440,30.3,-95.35
5616573,ALABAMA,1,1997,October,Lightning,1,0,0,0,0K,0K,,,,,,,
5621863,NORTH CAROLINA,37,1997,October,Tornado,1,0,0,0,100K,,,,F0,0.1,50,34.65,-78.05
5621764,COLORADO,8,1997,October,Tornado,6,0,0,0,200K,,,,F1,15,200,38.07,-103.35
5328278,CALIFORNIA,6,2003,December,Lightning,1,0,0,0,,,,,,,,,
5332214,OREGON,41,2003,December,Heavy Snow,1,0,0,0,,,,,,,,,
5339746,KANSAS,20,2003,January,Heavy Snow,1,0,0,0,,,,,,,,,
5364705,FLORIDA,12,2003,June,Lightning,1,0,0,0,,,,,,,,,
5364706,FLORIDA,12,2003,June,Lightning,1,0,0,0,,,,,,,,,
5364710,FLORIDA,12,2003,June,Lightning,1,0,1,0,,,,,,,,,
5359528,FLORIDA,12,2003,June,Lightning,1,0,0,0,,,,,,,,,
5359529,FLORIDA,12,2003,June,Lightning,1,0,0,0,,,,,,,,,
5365739,NEW YORK,36,2003,June,Lightning,1,0,0,0,,,,,,,,,
5367980,MINNESOTA,27,2003,June,Lightning,1,0,0,0,10K,,,,,,,,
5366729,MONTANA,30,2003,June,Lightning,1,0,0,0,,,,,,,,,
5366652,WYOMING,56,2003,June,Lightning,1,0,1,0,,,,,,,,,
5367251,OKLAHOMA,40,2003,June,Lightning,1,0,0,0,,,,,,,,,
5372087,TEXAS,48,2003,October,Tornado,1,0,0,0,750K,,,,F1,4,400,30.67,-96.37
5370504,NORTH CAROLINA,37,2003,June,Lightning,1,0,1,0,,,,,,,,,
5373168,FLORIDA,12,2003,June,Lightning,1,0,0,0,,,,,,,,,
5433902,FLORIDA,12,2005,January,Lightning,1,0,0,0,,,,,,,,,
5438448,CALIFORNIA,6,2005,January,Heavy Snow,1,0,0,0,0K,0K,,,,,,,
5437997,CALIFORNIA,6,2005,January,Lightning,1,0,0,0,15K,,,,,,,,
5455386,COLORADO,8,2005,June,Lightning,1,0,0,0,,,,,,,,,
5452480,MARYLAND,24,2005,June,Lightning,1,0,0,0,75K,,,,,,,,
5452804,FLORIDA,12,2005,June,Lightning,1,0,0,0,,,,,,,,,
5453775,FLORIDA,12,2005,June,Lightning,1,0,0,0,,,,,,,,,
5459699,MASSACHUSETTS,25,2005,June,Lightning,15,0,0,0,0K,,,,,,,,
5456993,INDIANA,18,2005,June,Lightning,6,0,0,0,0,0,,,,,,,
5456697,CONNECTICUT,9,2005,June,Lightning,1,0,0,0,,,,,,,,,
5456288,WEST VIRGINIA,54,2005,June,Lightning,1,0,0,0,,,,,,,,,
5458456,GEORGIA,13,2005,June,Lightning,1,0,0,0,10K,,,,,,,,
5458021,NEW HAMPSHIRE,33,2005,June,Lightning,1,0,0,0,,,,,,,,,
5458026,NEW HAMPSHIRE,33,2005,June,Lightning,1,0,0,0,110K,,,,,,,,
5458029,NEW HAMPSHIRE,33,2005,June,Lightning,1,0,0,0,,,,,,,,,
5458030,NEW HAMPSHIRE,33,2005,June,Lightning,1,0,0,0,,,,,,,,,
5457412,ILLINOIS,17,2005,June,Lightning,1,0,1,0,,,,,,,,,
5453693,SOUTH CAROLINA,45,2005,January,Tornado,1,0,0,0,2M,,,,F2,12,350,34.4,-82.13
5457252,MICHIGAN,26,2005,June,Lightning,1,0,0,0,,,,,,,,,
5453499,IOWA,19,2005,June,Lightning,1,0,0,0,25K,,,,,,,,
5455804,NEW JERSEY,34,2005,June,Lightning,1,0,0,0,,0,,,,,,,
5458559,GEORGIA,13,2005,June,Lightning,1,0,0,0,,,,,,,,,
5461534,FLORIDA,12,2005,June,Lightning,1,0,0,0,0,0,,,,,,,
5461605,FLORIDA,12,2005,June,Lightning,1,0,0,0,0,0,,,,,,,
5461607,FLORIDA,12,2005,June,Lightning,1,0,0,0,0,0,,,,,,,
5458837,NORTH CAROLINA,37,2005,June,Lightning,1,0,0,0,,,,,,,,,
5458836,NORTH CAROLINA,37,2005,June,Lightning,1,0,0,0,,,,,,,,,
5461909,MINNESOTA,27,2005,June,Lightning,1,0,0,0,,,,,,,,,
5462246,UTAH,49,2005,June,Lightning,1,0,0,0,,,,,,,,,
5463625,FLORIDA,12,2005,June,Lightning,1,0,0,0,,,,,,,,,
5462671,OHIO,39,2005,June,Lightning,1,0,0,0,,,,,,,,,
5458658,GEORGIA,13,2005,June,Lightning,1,0,0,0,,,,,,,,,
5457332,FLORIDA,12,2005,June,Lightning,1,0,1,0,,,,,,,,,
5462055,WISCONSIN,55,2005,June,Lightning,1,0,0,0,,,,,,,,,
5460155,MICHIGAN,26,2005,June,Lightning,1,0,0,0,,,,,,,,,
5459151,MICHIGAN,26,2005,June,Lightning,1,0,0,0,,,,,,,,,
5458719,GEORGIA,13,2005,June,Lightning,1,0,0,0,5K,,,,,,,,
5475864,MISSOURI,29,2005,October,Lightning,1,0,2,0,,,,,,,,,
242380,NORTH CAROLINA,37,2010,June,Lightning,1,0,1,0,0.00K,0.00K,,,,,,36.08,-79.4
273034,NORTH CAROLINA,37,2010,December,Heavy Snow,1,0,0,0,,,,,,,,,
247727,WYOMING,56,2010,June,Lightning,1,0,0,0,0.00K,0.00K,,,,,,43.7296,-105.5668
240347,MASSACHUSETTS,25,2010,June,Lightning,1,0,0,0,20.00K,0.00K,,,,,,42.07,-71.33
241199,MASSACHUSETTS,25,2010,June,Lightning,1,0,0,0,0.00K,0.00K,,,,,,42.4772,-70.9144
264252,CALIFORNIA,6,2010,October,Lightning,1,0,0,0,0.00K,0.00K,,,,,,34.1,-117.43
247906,NORTH CAROLINA,37,2010,June,Lightning,1,0,0,0,100.00K,,,,,,,35.852,-81.508
275090,MISSOURI,29,2010,December,Tornado,6,0,1,0,1.00M,0.00K,,,EF3,5.79,440,38.5024,-90.4622
267577,MISSOURI,29,2010,December,Tornado,6,0,2,0,1.00M,0.00K,,,EF3,11,500,37.9394,-91.8018
236024,INDIANA,18,2010,June,Tornado,1,1,0,0,125.00K,0.00K,,,EF2,0.99,175,40.6382,-86.1844
229878,INDIANA,18,2010,June,Tornado,1,1,0,0,125.00K,0.00K,,,EF1,3.4,150,40.6447,-86.3736
265960,FLORIDA,12,2010,January,Tornado,1,0,0,0,1.00M,,,,EF0,7.34,265,28.2537,-80.7246
267414,ILLINOIS,17,2010,December,Tornado,1,0,0,0,12.00M,0.00K,,,EF3,3.63,200,39.9842,-89.862
267539,ARKANSAS,5,2010,December,Tornado,1,0,0,0,100.00K,0.00K,,,EF2,4,250,36.1603,-94.3355
234888,ILLINOIS,17,2010,June,Lightning,1,0,0,0,0.00K,0.00K,,,,,,37.72,-89.22
228192,FLORIDA,12,2010,June,Lightning,1,0,0,0,0.00K,0.00K,,,,,,30.55,-81.73
238871,GEORGIA,13,2010,June,Lightning,1,0,0,0,0.00K,0.00K,,,,,,33.9762,-84.5797
246794,GEORGIA,13,2010,June,Lightning,1,0,0,0,0.00K,0.00K,,,,,,33.3964,-84.8736
242321,ALABAMA,1,2010,June,Lightning,1,0,0,0,0.00K,0.00K,,,,,,34.5633,-85.7301
241511,ALABAMA,1,2010,June,Lightning,1,0,0,0,0.00K,0.00K,,,,,,34.72,-87.13
229837,CONNECTICUT,9,2010,June,Lightning,1,0,0,0,0.00K,0.00K,,,,,,41.7157,-73.2639
230325,CONNECTICUT,9,2010,June,Lightning,1,0,0,0,0.00K,0.00K,,,,,,41.8245,-73.2144
227518,TEXAS,48,2010,June,Lightning,1,0,1,0,0.00K,0.00K,,,,,,29.5936,-94.3868
240635,MARYLAND,24,2010,June,Lightning,1,0,0,0,0.00K,0.00K,,,,,,39.7,-75.87
242829,GEORGIA,13,2010,June,Lightning,1,0,0,0,0.00K,0.00K,,,,,,32.87,-85.18
246782,GEORGIA,13,2010,June,Lightning,1,0,0,0,0.00K,0.00K,,,,,,34.0595,-84.6858
246325,GEORGIA,13,2010,June,Lightning,1,0,1,0,0.00K,0.00K,,,,,,33.4473,-84.1469
266176,NEW YORK,36,2010,October,Lightning,1,0,0,0,0.00K,0.00K,,,,,,40.83,-73.11
202850,FLORIDA,12,2010,January,Tornado,1,0,0,0,1.00M,,,,EF0,7.34,265,28.2537,-80.7246
245455,WISCONSIN,55,2010,June,Tornado,15,0,0,0,20.60M,0.00K,,,EF2,5.22,880,42.8683,-88.5041
266135,VIRGINIA,51,2010,October,Tornado,1,0,0,0,500.00K,0.00K,,,EF1,2.36,200,37.5692,-77.4552
260302,TENNESSEE,47,2010,October,Tornado,6,0,0,0,200.00K,0.00K,,,EF2,1.2,100,35.1216,-85.1925
265195,ALABAMA,1,2010,October,Lightning,1,0,0,0,0.00K,0.00K,,,,,,34.35,-86.3
244798,FLORIDA,12,2010,June,Lightning,1,0,0,0,0.00K,0.00K,,,,,,25.9256,-80.1801
236671,IOWA,19,2010,June,Tornado,1,0,0,0,250.00K,0.00K,,,EF1,2.2,150,42.0834,-90.6883
245496,NORTH DAKOTA,38,2010,June,Tornado,1,0,0,0,,,,,EF4,9,150,47.54,-97.3
247068,MAINE,23,2010,June,Lightning,1,0,0,0,0.00K,0.00K,,,,,,44.55,-69.63
210773,ALABAMA,1,2010,January,Tornado,1,2,0,0,,0.00K,,,EF2,6.6,150,34.7,-86.6398
238661,MINNESOTA,27,2010,June,Tornado,1,0,0,0,0.00K,0.00K,,,EF2,2.49,100,43.8947,-93.0903
244746,FLORIDA,12,2010,June,Lightning,1,0,0,0,0.00K,0.00K,,,,,,26.9402,-80.1025
246107,IOWA,19,2010,June,Lightning,1,1,0,0,25.00K,0.00K,,,,,,40.82,-91.08
238951,IOWA,19,2010,June,Lightning,1,0,0,0,0.00K,0.00K,,,,,,40.81,-91.12
243974,WISCONSIN,55,2010,June,Tornado,1,0,0,0,75.00K,,,,EF1,4.6,100,42.7031,-87.9153
240665,TENNESSEE,47,2010,June,Lightning,1,0,0,0,,,,,,,,35.6877,-87.2193
245002,ILLINOIS,17,2010,June,Lightning,1,0,0,0,0.00K,0.00K,,,,,,41.4429,-90.597
245889,MINNESOTA,27,2010,June,Tornado,1,0,0,0,,,,,EF1,2,50,47.93,-96.38
226112,ILLINOIS,17,2010,June,Tornado,1,0,0,0,600.00K,0.00K,,,EF3,7.75,175,41.0636,-87.7523
246134,GEORGIA,13,2010,June,Lightning,1,0,0,0,,,,,,,,31.85,-81.6
